股票,股價,紀念品,最後買進,開會日期,零股寄單
華宇藥（6621）,13.15,統一超商50元商品卡,3月17日,5月18日,否
慧友（5484）,40.75,白人牙膏,3月18日,5月21日,否
東鹼（1708）,39.3,小蘇打粉,3月18日,5月20日,否
兆勁（2444）,13.2,防疫消毒酒精瓶,3月18日,5月20日,否
東森（2614）,21,森美妍白茶賦活保濕素顏霜,3月18日,5月20日,否
泰豐（2102）,18.7,超商商品卡(50元),3月18日,5月20日,否
均豪（5443）,96.7,磁吸可掛式開瓶器露營燈或等值商品,3月18日,5月20日,否
互動（6486）,85.6,全家便利商店禮物卡35元,3月18日,5月21日,否
力新（5202）,14.8,常健順暢益生菌,3月18日,5月21日,否
合一（4743）,57.3,棉花田紅景天精華飲(30ml*5包/盒),3月18日,5月20日,否
巨有科技（8227）,127,高露潔牙膏牙刷旅行組,3月18日,5月21日,否
昇陽半導體（8028）,189,原木隔熱桌墊,3月18日,5月21日,否
亞電（4939）,33.8,統一超商35元商品卡,3月18日,5月20日,否
廣運（6125）,59.6,便利商店禮物卡35元,3月18日,5月21日,否
智捷（8176）,10.85,香皂*1,3月18日,5月20日,否
光聯（5315）,23.15,愛心皂,3月19日,5月22日,否
嘉裕（1417）,8.63,機能襪,3月19日,5月22日,否
中鴻（2014）,17.35,統一超商45元咖啡卡,3月19日,5月22日,否
鼎元（2426）,33.85,統一超商50元商品卡,3月19日,5月22日,否
志聖（2467）,363.5,磁吸可掛式開瓶器露營燈(USB充電),3月19日,5月22日,否
晶豪科（3006）,161,鋼珠對筆,3月19日,5月22日,否
華孚（6235）,49,有機白米,3月19日,5月22日,否
中天（4128）,18.1,棉花田紅景天精華飲(30ml*5包/盒),3月19日,5月22日,否
信立（4303）,59,【朝和生醫】保健產品乙包,3月19日,5月22日,否
華容（5328）,26.8,真空壓縮收納袋組(附抽氣泵),3月19日,5月22日,否
大亞（1609）,35.95,7-11商品卡35元,3月19日,5月22日,否
台泥（1101）,24.6,折疊環保提包,3月19日,5月22日,否
恩德（1528）,22.4,7-11 50元商品卡，或其他等值商品,3月19日,5月22日,否
太極（4934）,18.65,超商商品卡新台幣35元,3月19日,5月22日,否
中石化（1314）,8.74,統一超商100元商品卡,3月19日,5月22日,否
日電貿（3090）,92.4,無患子潔手慕斯,3月19日,5月22日,否
九齊（6494）,45.9,香皂,3月19日,5月22日,否
廣豐（1416）,11.7,毛巾,3月19日,5月22日,否
慶豐富（9935）,19.55,全家商品券,3月19日,5月22日,否
廣華-KY（1338）,15.15,統一超商商品卡50元,3月19日,5月22日,否
東和鋼鐵（2006）,77.7,皮革質感修容組,3月19日,5月22日,否
元晶（6443）,50.6,全家便利商店50元禮券,3月19日,5月22日,否
智原（3035）,151.5,便利商店商品卡50元,3月24日,5月25日,否
康普（4739）,77.9,超商35元禮物卡,3月24日,5月25日,否
正文（4906）,26.15,指甲剪套裝組,3月24日,5月25日,否
台通（8011）,20.4,野餐墊,3月24日,5月25日,否
光洋科（1785）,82,伊甸小羊苗質樸暖心舒活皂,3月24日,5月25日,否
中裕（4147）,50.6,超商50元商品卡,3月24日,5月25日,否
沛波（6248）,20.1,滋補強身 甲魚全沛,3月24日,5月25日,否
金寶（2312）,22.8,再生布卡夾,3月24日,5月25日,否
台苯（1310）,11.85,常健順暢益生菌,3月24日,5月25日,否
根基（2546）,83.4,環球購物中心禮券100元,3月24日,5月25日,否
雄獅（2731）,173.5,國內外團體旅遊兌換券700元(國內團體200元及國外團體500元),3月24日,5月25日,否
世紀鋼（9958）,127.5,青花瓷手柄不銹鋼餐具組,3月24日,5月25日,否
同欣電（6271）,150,妙管家八倍濃縮洗衣球,3月24日,5月25日,否
新光鋼（2031）,39.15,妙管家小蘇打抗菌洗衣精600g一份,3月24日,5月25日,否
友訊（2332）,15.1,常健順暢益生菌,3月24日,5月25日,否
光群雷（2461）,15.45,陶瓷碗組,3月24日,5月25日,否
凱美（2375）,80.5,妙管家煥彩香氛洗衣球,3月24日,5月25日,否
國眾（5410）,30.95,全家便利店中杯美式咖啡卡乙張,3月24日,5月25日,否
萬泰科（6190）,50.3,萬泰ACT超透氣口罩,3月24日,5月25日,是
中興電（1513）,158,統一超商50元商品卡,3月24日,5月25日,否
伸興（1558）,94,抗菌洗手露,3月24日,5月25日,否
華通（2313）,211.5,南僑清潔用品,3月25日,5月28日,否
國巨*（2327）,258,妙管家八倍濃縮洗衣球,3月25日,5月27日,否
連宇（2482）,16.2,沙威隆經典抗菌皂二入,3月25日,5月27日,否
瑞軒（2489）,41.35,真空壓縮收納袋組(附抽氣),3月25日,5月28日,否
零壹（3029）,115,統一超商商品卡50元,3月25日,5月27日,否
晶技（3042）,93.5,超商50元商品卡,3月25日,5月27日,否
泰碩（3338）,58.6,全家便利商店禮物卡50元,3月25日,5月26日,否
群創（3481）,29.7,時尚輕巧隨手杯,3月25日,5月27日,否
神達（3706）,82.7,嘉禾牌家常麵無添加麵條,3月25日,5月27日,否
立積（4968）,104,全家便利商店50元禮物卡,3月25日,5月28日,否
動力-KY（6591）,64.2,全家便利商店-50元禮物卡,3月25日,5月28日,否
至上（8112）,87,無患子抗菌清潔組,3月25日,5月26日,否
富鼎（8261）,111,妙管家煥彩香氛洗衣球,3月25日,5月27日,否
雷笛克光學（5230）,16.5,香皂,3月25日,5月26日,否
萬旭（6134）,30.3,線材收納袋,3月25日,5月26日,是
軒郁（6703）,117.5,膠原飲品,3月25日,5月26日,否
東捷（8064）,56.2,統一超商35元商品卡,3月25日,5月28日,否
元太（8069）,152.5,GREEN & SAFE 蔬果碗盤清潔液體皂,3月25日,5月27日,否
榮剛（5009）,33.05,順暢益生菌,3月25日,5月28日,否
國際中橡（2104）,12.4,折疊環保提包,3月25日,5月26日,否
盟立（2464）,70.9,義美提領券50元,3月25日,5月28日,否
卜蜂（1215）,153.5,雞肉鬆乙包,3月25日,5月27日,否
葡萄王（1707）,119.5,葡萄王動能膠囊30粒/瓶,3月25日,5月26日,否
達方（8163）,28.4,保冰袋,3月25日,5月27日,否
精剛（1584）,22.65,順暢益生菌,3月25日,5月28日,否
大同（2371）,31.8,Luminarc純白強化餐具2件套,3月25日,5月26日,是
冠德（2520）,32.85,環球購物中心禮券100元,3月25日,5月27日,否
聯傑（3094）,23.2,便利貼,3月25日,5月28日,否
富采（3714）,42.75,Ennostar x 懶散兔&啾先生聯名不鏽鋼餐具組,3月25日,5月26日,否
聯嘉投控（3717）,19,櫻花碗二入,3月25日,5月28日,否
中碳（1723）,76.1,7-11 商品卡 50元,3月25日,5月26日,否
瑞昱（2379）,470,全家便利商店88元禮物卡,3月25日,5月27日,否
廣明（6188）,94,蜂王清新植萃精華皂二入(70g),3月25日,5月26日,否
上緯投控（3708）,130,統一超商商品卡(新台幣35元),3月25日,5月28日,否
友勁（6142）,9.75,神寧精華膠囊,3月25日,5月28日,否
興能高（6558）,30.1,香皂,3月25日,5月26日,否
明基材（8215）,22.55,護妍天使亮白水潤雙星保養限定組,3月25日,5月27日,否
頎邦（6147）,58.8,環保摺疊購物袋,3月25日,5月27日,是
禾瑞亞（3556）,41.8,統一超商35元商品卡,3月25日,5月28日,否
新纖（1409）,16.45,保溫保冷袋,3月25日,5月28日,是
友達（2409）,16.55,台灣產製真空包裝白米600公克,3月25日,5月28日,否
大魯閣（1432）,18.85,『800元消費抵用券』、『每月玩樂買1送1券』8張，總值逾5000元,3月25日,5月28日,是
單井（3490）,24.55,小蘇打去污粉汙劑 1組二入,3月25日,5月27日,否
禾昌（6158）,18.8,愛心手工皂,3月25日,5月27日,否
通嘉（3588）,49.6,便利商店提貨卡(美式咖啡),3月25日,5月28日,否
達能（3686）,18.5,7-11商品卡35元,3月25日,5月26日,否
中化控股（3716）,33.4,綠的抗菌潔手慕斯,3月25日,5月26日,否
虹堡（5258）,45.9,乖乖純水濕巾,3月25日,5月26日,否
力成（6239）,201,統一超商商品卡50元,3月25日,5月27日,否
康舒（6282）,46.1,鋅合金編織充電線,3月25日,5月28日,否
永日（4102）,19.45,香皂,3月25日,5月28日,否
國碳科（4754）,38.1,酒精噴霧筆,3月25日,5月26日,否
中電（1611）,13.25,50元超商禮物卡,3月25日,5月26日,是
榮成（1909）,9.24,環保袋,3月25日,5月27日,否
矽統（2363）,50.6,工具組或歷年股東會紀念品或等值商品。,3月25日,5月26日,否
宏盛（2534）,20.2,白米,3月25日,5月26日,否
創控（6909）,42.2,環保小麥便攜餐具套裝,3月25日,5月26日,否
華星光（4979）,401.5,統一超商中杯美式咖啡卡,3月25日,5月27日,否
聚和（6509）,40.1,自黏性便條紙,3月25日,5月28日,否
倉和（6538）,66.7,7-11 商品卡50元,3月25日,5月27日,否
宏捷科（8086）,136.5,統一超商咖啡卡35元,3月25日,5月28日,否
國統（8936）,53.7,7-11咖啡券35元,3月25日,5月26日,否
群聯（8299）,1800,全家禮物卡100元,3月25日,5月27日,否
聯電（2303）,59.5,SNOOPY口袋保溫瓶,3月25日,5月27日,否
尖點（8021）,243.5,公益沐浴球,3月25日,5月26日,否
正德（2641）,18.7,7-11 35元商品卡,3月25日,5月27日,否
中美晶（5483）,106.5,法蘭絨毯,3月25日,5月26日,否
中化生（1762）,28.6,綠的抗菌潔手慕斯,3月25日,5月28日,否
彰源（2030）,15.35,運動休閒毛巾襪,3月25日,5月27日,否
華興（6164）,12.55,妙管家洗潔精,3月25日,5月26日,否
事欣科（4916）,60.7,統一超商50元商品卡,3月26日,5月29日,否
中保科（9917）,113,統一超商或全家超商100元商品卡(擇一),3月26日,5月29日,否
松上（6156）,19.65,香皂,3月26日,5月29日,否
聯鈞（3450）,281,印花樂山中健行琥珀茶色耐熱玻璃保鮮盒,3月26日,5月29日,是
佳世達（2352）,24.15,史努比陶瓷雙碗組,3月26日,5月29日,否
玉晶光（3406）,429.5,7-11商品卡50元,3月26日,5月29日,否
鴻海（2317）,214.5,鴻海股東2026年專屬購物優惠(需登入官網領取),3月26日,5月29日,是
欣興（3037）,508,OK超商100元商品卡,3月26日,5月29日,否
亞諾法（4133）,23.15,統一超商35元商品卡,3月26日,5月29日,否
愛地雅（8933）,6.73,香皂,3月26日,5月29日,否
和大（1536）,52.5,超商50元商品卡,3月26日,5月29日,否
聯詠（3034）,388,超商商品卡50元,3月26日,5月29日,否
台橡（2103）,21.7,休閒運動襪子禮盒(不足時以等值商品替代),3月26日,5月29日,否
偉詮電（2436）,60.8,香皂禮盒(二人),3月26日,5月29日,否
矽格（6257）,131,7-11商品卡-面額50元,3月26日,5月29日,否
高力（8996）,899,7-ELEVEN商品卡面額50元,3月26日,5月29日,否
光環（3234）,88.1,保冷袋或等值之其他商品,3月26日,5月29日,否
千附（8383）,41.7,蜂王拾光漫遊經典皂二入盒,3月26日,5月29日,否
京元電子（2449）,295.5,鋼珠筆組,3月26日,5月29日,否
全新（2455）,237.5,商品卡35元,3月26日,5月29日,否
立碁（8111）,67,清淨海洗衣膠囊,3月26日,5月29日,否
正隆（1904）,17.3,春風官方購物商城AeSHOP折價券$200,3月26日,5月29日,否
鳳凰（5706）,51.1,鳳凰旅遊證件收納袋,3月31日,6月1日,否
宇峻（3546）,69.8,不鏽鋼調味罐,4月1日,6月3日,否
國光生（4142）,17.5,氣密保鮮罐,4月1日,6月4日,否
麗臺（2465）,54.8,深海原萃極效修護面膜(一入),4月1日,6月3日,否
青雲（5386）,314,肥皂組,4月1日,6月4日,否
鈺創（5351）,63.8,全家便利商店50元商品卡,4月2日,6月5日,否
台驊控股（2636）,69,台灣茶摳滋養沐浴皂,4月2日,6月5日,否
輔信（2405）,14.75,康寧Amber 9吋湯盤,4月2日,6月5日,否
眾達-KY（4977）,187,全家35元禮物卡,4月7日,6月8日,否
時碩工業（4566）,54.9,折疊休閒帽,4月8日,6月9日,否
茂訊（3213）,101.5,鍋寶萬用不沾刀具三件組,4月8日,6月10日,否
千如（3236）,27.4,運動涼感巾,4月8日,6月9日,否
協易機（4533）,33.5,統一超商35元商品卡,4月8日,6月11日,否
新應材（4749）,925,7-11商品卡,4月8日,6月11日,否
懷特（4108）,13.45,清潔品,4月8日,6月9日,否
百和（9938）,48.7,竹炭襪2雙,4月8日,6月9日,否
大立（4716）,14.1,濕紙巾或等值商品,4月8日,6月11日,否
夆典（3052）,11.1,五合一工具組,4月8日,6月9日,否
毛寶（1732）,26.35,「毛寶小蘇打植萃香氛液體皂」500g,4月8日,6月11日,否
圓剛（2417）,34.8,不鏽鋼保溫杯,4月8日,6月11日,否
飛宏（2457）,27.4,統一超商35元商品卡,4月8日,6月11日,否
達欣工（2535）,73.3,BLACK HAMMER耐熱玻璃法式濾壓壺,4月8日,6月9日,否
中纖（1718）,7.5,燕窩飲一份,4月8日,6月11日,否
研勤（3632）,10.1,包裝米,4月9日,6月12日,否
緯翔（6185）,14.2,好無比洗衣精,4月9日,6月12日,否
晟銘電（3013）,100.5,三角斜背保溫保冷袋,4月9日,6月12日,否
宏益（1452）,11.1,濕紙巾,4月9日,6月12日,否
撼訊（6150）,57.6,時尚輕巧隨手杯200ml,4月14日,6月15日,否
鑽全（1527）,32.5,統一超商35元商品卡,4月14日,6月15日,否
智基（6294）,41.4,學費旅費兌換券500元,4月15日,6月17日,否
耿鼎（1524）,29.15,菜瓜布,4月15日,6月16日,否
威健（3033）,30.4,威健帆布提袋,4月15日,6月18日,否
錸德（2349）,12.9,洗衣機槽清潔錠,4月15日,6月16日,否
昆盈（2365）,34.8,頭戴式耳機,4月15日,6月17日,否
燿華（2367）,72.6,感應小夜燈,4月15日,6月16日,否
三晃（1721）,18.95,商品卡,4月15日,6月16日,否
波若威（3163）,888,超商商品卡50元,4月15日,6月16日,否
旺矽（6223）,3550,統一超商商品卡50元,4月15日,6月17日,否
康全電訊（8089）,23.85,蜂王清新植萃精華皂,4月15日,6月17日,否
競國（6108）,15.75,統一超商商品卡35元,4月15日,6月17日,否
阿瘦（8443）,11.8,感恩購物金500元現金抵用券,4月15日,6月17日,否
聲寶（1604）,25,雨傘,4月15日,6月16日,否
富爾特（6136）,23.75,手工香皂,4月15日,6月16日,否
位速（3508）,39.25,統一超商商品卡50元,4月15日,6月17日,否
精星（8183）,36.4,FDK三號鹼性電池(4入一組),4月15日,6月18日,否
力特（3051）,21.3,台灣製ESG公益砧板,4月22日,6月24日,否
新潤（6186）,41.25,7-11商品卡,4月22日,6月23日,否
中釉（1809）,26,氣墊襪(顏色混搭，Free Size),4月22日,6月23日,否
日馳（1526）,17.4,中杯熱美式咖啡券,4月22日,6月23日,否
關貿（6183）,93.5,7-11商品卡100元,4月23日,6月26日,否
浩鼎（4174）,39.05,超商35元禮物卡,4月23日,6月26日,否
萬潤（6187）,684,全家咖啡商品卡,4月23日,6月26日,否
元翎（4564）,20.05,洗碗精,4月28日,6月29日,否
永虹先進（6618）,20.8,超商50元面額商品卡,4月28日,6月29日,否
喬福（1540）,22.6,伊莎貝爾櫻花抗菌皂,4月28日,6月29日,否
